"poll_id","vote","count"
643,"yes",60
643,"no_show",5
643,"no",56
644,"no",58
644,"yes",62
644,"no_show",1
645,"no_show",9
645,"yes",60
645,"no",52
646,"no",57
646,"no_show",3
646,"yes",61
647,"no",54
647,"yes",60
647,"no_show",7
648,"no_show",4
648,"yes",117
649,"no",55
649,"no_show",4
649,"yes",61
650,"no",62
650,"no_show",4
650,"yes",38
650,"abstain",17
651,"yes",62
651,"no",59
652,"no_show",71
652,"abstain",3
652,"yes",392
652,"no",146
653,"abstain",3
653,"yes",514
653,"no",58
653,"no_show",37
654,"abstain",17
654,"no_show",42
654,"yes",442
654,"no",110
655,"no",161
655,"abstain",3
655,"no_show",22
655,"yes",427
656,"no_show",6
656,"no",21
656,"yes",88
656,"abstain",6
657,"no_show",6
657,"abstain",5
657,"yes",85
657,"no",25
658,"no",135
658,"abstain",6
658,"no_show",33
658,"yes",439
659,"no_show",51
659,"abstain",26
659,"no",101
659,"yes",435
660,"no_show",55
660,"no",151
660,"abstain",14
660,"yes",393
661,"no",71
661,"no_show",42
661,"yes",491
661,"abstain",9
662,"no_show",22
662,"abstain",8
662,"yes",377
662,"no",205
663,"no",12
663,"no_show",63
663,"abstain",10
663,"yes",528
664,"abstain",11
664,"yes",404
664,"no",157
664,"no_show",41
665,"no",169
665,"yes",407
665,"no_show",33
665,"abstain",4
666,"abstain",16
666,"no",70
666,"no_show",60
666,"yes",465
667,"no_show",81
667,"no",430
667,"abstain",1
667,"yes",100
668,"yes",390
668,"no",149
668,"abstain",17
668,"no_show",57
669,"yes",505
669,"abstain",18
669,"no_show",49
669,"no",40
670,"no",170
670,"abstain",5
670,"no_show",40
670,"yes",397
671,"no_show",67
671,"yes",359
671,"abstain",6
671,"no",180
672,"abstain",2
672,"no_show",7
672,"yes",112
673,"no_show",9
673,"no",52
673,"yes",60
674,"no_show",32
674,"yes",60
674,"no",95
675,"no_show",7
675,"yes",74
675,"no",18
676,"no_show",7
676,"yes",67
676,"no",25
677,"no",25
677,"yes",59
677,"no_show",15
678,"no_show",14
678,"no",16
678,"yes",69
679,"no_show",33
679,"no",79
679,"abstain",48
679,"yes",452
680,"no",23
680,"abstain",5
680,"yes",54
680,"no_show",17
681,"no_show",18
681,"yes",40
681,"no",41
682,"abstain",4
682,"yes",440
682,"no",126
682,"no_show",42
683,"no",16
683,"no_show",10
683,"yes",69
683,"abstain",4
684,"no_show",29
684,"yes",74
684,"no",84
685,"no_show",89
685,"yes",365
685,"no",156
685,"abstain",2
686,"no_show",56
686,"no",165
686,"abstain",14
686,"yes",377
687,"no_show",40
687,"yes",412
687,"abstain",15
687,"no",145
688,"no_show",32
688,"yes",346
688,"abstain",6
688,"no",227
689,"yes",514
689,"abstain",1
689,"no",58
689,"no_show",38
690,"no",158
690,"yes",354
690,"abstain",3
690,"no_show",96
691,"no",57
691,"yes",498
691,"no_show",53
691,"abstain",3
692,"yes",61
692,"no",24
692,"abstain",2
692,"no_show",12
694,"no_show",12
694,"yes",82
694,"no",5
695,"no_show",45
695,"abstain",9
695,"yes",450
695,"no",107
696,"no_show",47
696,"no",43
696,"abstain",12
696,"yes",509
697,"no_show",65
697,"yes",96
697,"no",449
697,"abstain",1
698,"no_show",15
698,"yes",66
698,"abstain",3
698,"no",15
699,"no",96
699,"abstain",32
699,"no_show",42
699,"yes",441
700,"yes",475
700,"no_show",36
700,"no",99
700,"abstain",1
701,"no",130
701,"yes",427
701,"no_show",46
701,"abstain",8
702,"yes",374
702,"no_show",63
702,"no",168
702,"abstain",6
703,"no_show",57
703,"yes",383
703,"no",168
703,"abstain",3
704,"no_show",86
704,"yes",387
704,"no",138
705,"yes",68
705,"abstain",9
705,"no_show",4
705,"no",18
706,"yes",48
706,"no",393
706,"no_show",66
706,"abstain",104
707,"abstain",12
707,"yes",490
707,"no_show",54
707,"no",55
708,"no_show",56
708,"no",108
708,"yes",397
708,"abstain",50
709,"no_show",16
709,"yes",107
709,"no",16
710,"no",50
710,"no_show",5
710,"yes",66
711,"abstain",50
711,"yes",396
711,"no_show",56
711,"no",109
712,"abstain",43
712,"no",116
712,"yes",418
712,"no_show",44
713,"yes",66
713,"abstain",4
713,"no_show",4
713,"no",25
714,"abstain",3
714,"yes",54
714,"no_show",27
714,"no",15
715,"no_show",80
715,"no",106
715,"yes",379
715,"abstain",46
716,"no_show",52
716,"yes",325
716,"no",234
717,"abstain",33
717,"no_show",110
717,"no",390
717,"yes",78
718,"yes",502
718,"no",54
718,"abstain",8
718,"no_show",47
719,"abstain",48
719,"no_show",37
719,"yes",417
719,"no",109
720,"abstain",3
720,"no",198
720,"no_show",62
720,"yes",348
721,"yes",388
721,"no_show",77
721,"abstain",18
721,"no",128
722,"no",232
722,"no_show",57
722,"yes",317
722,"abstain",5
723,"no_show",56
723,"no",81
723,"yes",459
723,"abstain",15
724,"abstain",5
724,"no",390
724,"yes",97
724,"no_show",119
725,"abstain",3
725,"no_show",11
725,"yes",100
725,"no",73
726,"yes",61
726,"abstain",1
726,"no_show",36
726,"no",89
727,"yes",47
727,"no_show",12
727,"no",62
728,"no",7
728,"no_show",6
728,"yes",108
729,"yes",52
729,"no",64
729,"no_show",5
730,"abstain",6
730,"no_show",25
730,"yes",65
730,"no",3
731,"abstain",43
731,"no_show",28
731,"yes",445
731,"no",105
732,"no_show",53
732,"yes",322
732,"no",246
733,"yes",322
733,"no_show",34
733,"no",265
734,"abstain",10
734,"yes",499
734,"no_show",30
734,"no",82
735,"no_show",45
735,"abstain",127
735,"yes",449
736,"yes",74
736,"no_show",3
736,"no",110
737,"no",156
737,"no_show",17
737,"yes",14
738,"yes",68
738,"no_show",28
738,"no",91
739,"no_show",11
739,"yes",79
739,"no",97
740,"no_show",19
740,"no",94
740,"yes",74
741,"no",95
741,"yes",80
741,"no_show",12
742,"no_show",13
742,"no",96
742,"yes",78
743,"no",165
743,"abstain",1
743,"yes",11
743,"no_show",10
744,"abstain",1
744,"no",98
744,"no_show",4
744,"yes",84
745,"no_show",4
745,"abstain",1
745,"no",98
745,"yes",84
746,"no",96
746,"no_show",18
746,"abstain",62
746,"yes",11
747,"yes",11
747,"no_show",14
747,"no",158
747,"abstain",4
748,"yes",79
748,"no",90
748,"no_show",18
749,"yes",10
749,"no",161
749,"no_show",16
750,"yes",78
750,"no_show",15
750,"no",94
751,"abstain",1
751,"no_show",5
751,"yes",83
751,"no",98
752,"no",98
752,"no_show",8
752,"abstain",1
752,"yes",80
753,"yes",80
753,"no",93
753,"no_show",14
754,"yes",74
754,"no_show",21
754,"no",89
754,"abstain",1
755,"no",93
755,"yes",82
755,"no_show",12
756,"no_show",27
756,"no",71
756,"yes",89
757,"yes",49
757,"no",64
757,"no_show",8
758,"no",6
758,"no_show",13
758,"yes",102
759,"yes",491
759,"abstain",11
759,"no_show",45
759,"no",74
760,"yes",496
760,"no",66
760,"abstain",8
760,"no_show",51
761,"no_show",53
761,"abstain",60
761,"yes",189
761,"no",319
762,"abstain",55
762,"no_show",20
762,"no",90
762,"yes",20
763,"no",22
763,"yes",74
763,"no_show",3
764,"no_show",26
764,"no",36
764,"yes",125
765,"abstain",8
765,"no_show",39
765,"no",79
765,"yes",61
766,"yes",428
766,"abstain",46
766,"no_show",36
766,"no",111
767,"yes",49
767,"abstain",21
767,"no",69
768,"no_show",9
768,"no",15
768,"yes",115
769,"yes",52
769,"no",77
769,"no_show",10
770,"no_show",14
770,"yes",50
770,"no",75
771,"yes",131
771,"no_show",9
772,"yes",86
772,"no_show",1
772,"no",100
773,"yes",44
773,"no",80
773,"no_show",63
774,"yes",110
774,"no",22
774,"no_show",7
775,"no_show",8
775,"no",78
775,"yes",52
775,"abstain",1
776,"no",72
776,"yes",391
776,"no_show",19
776,"abstain",139
777,"no",266
777,"yes",314
777,"no_show",40
777,"abstain",1
778,"no",62
778,"no_show",38
778,"yes",39
779,"no_show",22
779,"abstain",51
779,"no",25
779,"yes",41
780,"yes",51
780,"no",74
780,"no_show",14
781,"no",64
781,"yes",49
781,"no_show",26
782,"no_show",26
782,"yes",70
782,"no",43
783,"no",76
783,"yes",52
783,"abstain",2
783,"no_show",9
784,"abstain",17
784,"yes",49
784,"no",86
784,"no_show",35
785,"abstain",2
785,"no",32
785,"yes",57
785,"no_show",8
786,"no",110
786,"abstain",1
786,"no_show",28
786,"yes",48
787,"abstain",194
787,"no",73
787,"yes",319
787,"no_show",35
788,"no",106
788,"no_show",36
788,"yes",45
789,"abstain",28
789,"yes",35
789,"no",87
789,"no_show",28
790,"no_show",34
790,"no",89
790,"yes",64
791,"no_show",32
791,"yes",63
791,"no",92
792,"no",67
792,"yes",93
792,"no_show",25
793,"no",23
793,"yes",60
793,"no_show",14
793,"abstain",2
794,"no",71
794,"no_show",55
794,"abstain",10
794,"yes",485
795,"no_show",41
795,"abstain",5
795,"yes",81
795,"no",60
796,"no",95
796,"abstain",1
796,"yes",73
796,"no_show",18
797,"no",111
797,"abstain",1
797,"yes",48
797,"no_show",27
798,"no",85
798,"yes",61
798,"no_show",41
799,"abstain",6
799,"yes",51
799,"no",95
799,"no_show",35
800,"yes",94
800,"no",60
800,"no_show",33
801,"no_show",4
801,"yes",88
801,"abstain",7
802,"no_show",3
802,"yes",73
802,"no",9
802,"abstain",14
803,"abstain",120
803,"yes",132
803,"no",311
803,"no_show",58
804,"no",9
804,"yes",74
804,"abstain",9
804,"no_show",7
805,"no",71
805,"no_show",36
805,"yes",514
806,"no",76
806,"yes",485
806,"no_show",51
806,"abstain",9
807,"abstain",1
807,"no",69
807,"yes",486
807,"no_show",65
808,"no",247
808,"abstain",1
808,"no_show",70
808,"yes",303
809,"yes",491
809,"abstain",26
809,"no",44
809,"no_show",60
810,"abstain",1
810,"no_show",3
810,"yes",38
810,"no",57
811,"abstain",131
811,"no_show",70
811,"yes",109
811,"no",310
812,"no",64
812,"no_show",32
812,"yes",91
813,"no_show",32
813,"abstain",4
813,"no",127
813,"yes",24
814,"abstain",2
814,"no_show",43
814,"no",42
814,"yes",99
815,"no_show",5
815,"no",2
815,"abstain",6
815,"yes",86
816,"abstain",46
816,"yes",45
816,"no_show",4
817,"no",1
817,"yes",63
817,"no_show",8
817,"abstain",46
818,"yes",55
818,"no_show",40
818,"abstain",8
818,"no",83
819,"no",78
819,"no_show",5
819,"yes",35
820,"yes",68
820,"abstain",1
820,"no_show",2
820,"no",80
821,"yes",23
821,"no_show",5
821,"no",123
822,"no_show",4
822,"yes",78
822,"no",69
823,"no_show",7
823,"yes",50
823,"abstain",1
823,"no",61
824,"yes",113
824,"no",37
825,"no",51
825,"no_show",16
825,"abstain",2
825,"yes",70
826,"abstain",6
826,"no_show",12
826,"no",33
826,"yes",48
827,"no_show",10
827,"abstain",1
827,"no",81
827,"yes",47
828,"yes",40
828,"no",40
828,"abstain",12
828,"no_show",7
829,"yes",309
829,"no_show",30
829,"abstain",2
829,"no",279
830,"abstain",1
830,"no_show",32
830,"no",267
830,"yes",320
831,"abstain",1
831,"no",268
831,"no_show",32
831,"yes",319
832,"no",258
832,"yes",319
832,"no_show",43
833,"yes",82
833,"no_show",56
833,"abstain",1
834,"no",255
834,"no_show",53
834,"yes",313
835,"abstain",3
835,"no",85
835,"yes",60
835,"no_show",39
836,"no_show",66
836,"yes",247
836,"no",308
837,"no_show",39
837,"no",84
837,"yes",64
838,"no_show",52
838,"yes",261
838,"no",308
839,"no_show",82
839,"no",477
839,"yes",62
840,"no_show",25
840,"yes",51
840,"no",111
841,"no_show",39
841,"no",268
841,"yes",314
842,"abstain",63
842,"yes",61
842,"no",400
842,"no_show",97
843,"yes",305
843,"no",252
843,"no_show",64
844,"no",69
844,"yes",46
844,"abstain",4
845,"no",92
845,"abstain",48
845,"yes",18
845,"no_show",29
846,"no",68
846,"abstain",12
846,"yes",486
846,"no_show",55
847,"no_show",32
847,"no",88
847,"yes",67
848,"yes",323
848,"no_show",44
848,"no",253
848,"abstain",1
849,"no_show",29
849,"yes",69
849,"no",89
850,"yes",86
850,"no",67
850,"no_show",32
850,"abstain",2
851,"no_show",60
851,"abstain",6
851,"yes",497
851,"no",58
852,"no",248
852,"no_show",65
852,"yes",308
853,"yes",301
853,"no_show",68
853,"no",252
854,"no",304
854,"abstain",2
854,"yes",246
854,"no_show",69
855,"no_show",7
855,"yes",98
855,"no",76
856,"no_show",10
856,"yes",47
856,"no",61
857,"no_show",7
857,"no",64
857,"yes",47
858,"yes",48
858,"no",62
858,"no_show",8
859,"no",63
859,"no_show",10
859,"yes",45
860,"yes",46
860,"no",64
860,"no_show",8
861,"no",5
861,"no_show",7
861,"yes",106
862,"no",48
862,"yes",72
862,"no_show",18
862,"abstain",1
863,"yes",124
863,"no_show",15
864,"yes",82
864,"no",9
864,"abstain",3
864,"no_show",5
865,"no",109
865,"no_show",63
865,"yes",456
866,"no",315
866,"abstain",205
866,"yes",68
866,"no_show",32
867,"abstain",6
867,"no",272
867,"yes",308
867,"no_show",34
868,"no_show",5
868,"no",1
868,"yes",93
869,"yes",277
869,"no_show",32
869,"no",311
870,"no_show",55
870,"yes",488
870,"abstain",10
870,"no",66
871,"yes",407
871,"no_show",67
871,"no",113
871,"abstain",33
872,"yes",483
872,"no",80
872,"abstain",7
872,"no_show",49
873,"yes",48
873,"no",47
874,"no_show",1
874,"yes",49
874,"no",45
875,"no",47
875,"yes",48
876,"no",44
876,"yes",48
876,"no_show",3
877,"no",88
877,"no_show",4
877,"yes",89
878,"yes",512
878,"no_show",20
878,"no",79
878,"abstain",8
879,"yes",326
879,"no",259
879,"abstain",8
879,"no_show",26
880,"no",300
880,"abstain",107
880,"no_show",77
880,"yes",135
881,"no_show",47
881,"no",265
881,"abstain",1
881,"yes",306
882,"abstain",1
882,"no_show",66
882,"yes",489
882,"no",63
883,"no",62
883,"abstain",1
883,"no_show",70
883,"yes",486
884,"no",312
884,"abstain",69
884,"no_show",39
884,"yes",199
885,"yes",45
885,"no",38
885,"no_show",12
885,"abstain",4
886,"no_show",57
886,"no",75
886,"yes",39
886,"abstain",16
887,"abstain",3
887,"no",85
887,"no_show",9
887,"yes",522
888,"no_show",4
888,"yes",46
888,"no",45
889,"no_show",98
889,"yes",462
889,"no",58
889,"abstain",1
890,"no_show",84
890,"no",241
890,"yes",294
891,"no",5
891,"abstain",10
891,"yes",59
891,"no_show",25
892,"no_show",6
892,"no",9
892,"yes",75
892,"abstain",9
893,"abstain",2
893,"no_show",12
893,"yes",83
893,"no",2
894,"no_show",3
894,"no",12
894,"yes",81
894,"abstain",3
895,"abstain",2
895,"no_show",19
895,"yes",77
895,"no",1
896,"abstain",14
896,"no",6
896,"no_show",15
896,"yes",64
897,"yes",65
897,"no",26
897,"abstain",3
897,"no_show",5
898,"abstain",4
898,"yes",53
898,"no",38
898,"no_show",4
899,"no",7
899,"yes",86
899,"no_show",6
900,"no",7
900,"abstain",20
900,"no_show",5
900,"yes",67
901,"no_show",6
901,"abstain",4
901,"yes",52
901,"no",37
902,"yes",52
902,"no_show",5
902,"no",39
902,"abstain",3
903,"no_show",24
903,"abstain",4
903,"no",89
903,"yes",500
904,"yes",104
904,"no_show",34
904,"abstain",49
905,"no",252
905,"yes",306
905,"no_show",61
906,"no",75
906,"no_show",5
906,"yes",101
907,"yes",471
907,"no",63
907,"no_show",73
907,"abstain",12
908,"abstain",1
908,"no_show",11
908,"yes",87
909,"no_show",6
909,"yes",143
909,"no",32
910,"no_show",51
910,"yes",423
910,"abstain",38
910,"no",107
911,"yes",496
911,"no",90
911,"abstain",5
911,"no_show",28
912,"no",91
912,"yes",90
913,"yes",232
913,"no",297
913,"abstain",9
913,"no_show",81
914,"no_show",66
914,"yes",310
914,"no",243
915,"abstain",1
915,"no",235
915,"no_show",78
915,"yes",305
916,"no",47
916,"yes",39
916,"abstain",6
916,"no_show",7
917,"no",206
917,"yes",305
917,"no_show",49
917,"abstain",59
918,"yes",510
918,"no_show",43
918,"abstain",66
919,"no",70
919,"yes",486
919,"abstain",8
920,"no_show",9
920,"yes",66
920,"abstain",6
920,"no",18
921,"no",44
921,"yes",87
921,"no_show",56
922,"no",92
922,"no_show",11
922,"yes",18
923,"no_show",3
923,"no",98
923,"yes",20
924,"no",18
924,"no_show",14
924,"yes",67
925,"no",253
925,"abstain",1
925,"no_show",64
925,"yes",300
926,"no",1
926,"yes",85
926,"abstain",1
926,"no_show",12
927,"yes",488
927,"no_show",15
927,"abstain",6
927,"no",110
928,"no",106
928,"no_show",15
928,"abstain",5
928,"yes",493
929,"abstain",12
929,"no",309
929,"yes",259
929,"no_show",39
930,"yes",506
930,"no",74
930,"abstain",4
930,"no_show",35
931,"no",267
931,"yes",324
931,"no_show",28
932,"abstain",37
932,"no_show",5
932,"yes",8
932,"no",49
933,"abstain",13
933,"no",97
933,"no_show",37
933,"yes",472
934,"no",9
934,"no_show",7
934,"yes",59
934,"abstain",24
935,"no",64
935,"abstain",16
935,"no_show",4
935,"yes",34
936,"yes",41
936,"no",62
936,"no_show",9
936,"abstain",6
937,"no_show",8
937,"no",62
937,"yes",47
938,"no",65
938,"yes",49
938,"no_show",4
939,"no",63
939,"no_show",6
939,"yes",48
940,"no",48
940,"yes",65
940,"no_show",3
941,"no",64
941,"no_show",5
941,"yes",45
942,"no_show",4
942,"yes",62
942,"no",51
943,"no",49
943,"yes",68
943,"no_show",4
944,"yes",82
944,"no_show",5
944,"no",62
945,"no",80
945,"yes",58
945,"no_show",11
946,"yes",69
946,"no",79
946,"no_show",2
947,"no_show",7
947,"yes",61
947,"no",81
948,"no",82
948,"no_show",7
948,"abstain",1
948,"yes",59
949,"no",80
949,"no_show",9
949,"abstain",52
949,"yes",10
950,"no_show",29
950,"no",108
950,"yes",15
950,"abstain",35
951,"abstain",11
951,"no_show",56
951,"no",79
951,"yes",39
952,"no_show",1
952,"yes",26
952,"no",42
953,"no",118
953,"no_show",42
953,"abstain",2
953,"yes",468
954,"no_show",2
954,"yes",33
954,"no",34
955,"no_show",2
955,"no",69
955,"yes",80
956,"no_show",28
956,"no",52
956,"yes",107
957,"no",68
957,"yes",502
957,"no_show",48
957,"abstain",1
958,"yes",493
958,"no_show",59
958,"abstain",2
958,"no",65
959,"no",303
959,"no_show",46
959,"yes",270
960,"abstain",2
960,"yes",310
960,"no_show",26
960,"no",281
961,"no",101
961,"yes",124
961,"abstain",3
961,"no_show",9
962,"abstain",11
962,"no",100
962,"no_show",34
962,"yes",473
963,"no",100
963,"abstain",46
963,"yes",433
963,"no_show",40
964,"no_show",64
964,"abstain",8
964,"yes",461
964,"no",86
965,"yes",308
965,"no_show",48
965,"abstain",1
965,"no",262
966,"no",21
966,"no_show",11
966,"yes",89
967,"no_show",6
967,"yes",61
967,"no",54
968,"no",69
968,"yes",53
968,"no_show",9
969,"no_show",6
969,"yes",68
969,"no",57
970,"no",41
970,"abstain",14
970,"no_show",8
970,"yes",68
971,"yes",56
971,"no",84
971,"no_show",9
972,"no",57
972,"yes",81
972,"no_show",11
973,"yes",60
973,"no_show",6
973,"no",83
974,"no",85
974,"yes",61
974,"no_show",2
975,"no_show",44
975,"yes",65
975,"no",78
976,"yes",41
976,"no_show",1
976,"no",57
977,"no",111
977,"abstain",39
977,"yes",434
977,"no_show",35
978,"no_show",81
978,"abstain",3
978,"no",242
978,"yes",293
979,"yes",124
979,"no_show",13
979,"no",100
980,"yes",491
980,"no_show",54
980,"no",66
980,"abstain",8
981,"yes",495
981,"no_show",53
981,"no",67
981,"abstain",4
982,"no",298
982,"abstain",124
982,"yes",122
982,"no_show",75
983,"yes",248
983,"abstain",8
983,"no_show",72
983,"no",291
984,"no_show",10
984,"abstain",2
984,"yes",2
984,"no",85
985,"yes",101
985,"no",125
986,"no_show",22
986,"yes",276
986,"abstain",1
986,"no",320
987,"no_show",19
987,"yes",486
987,"abstain",13
987,"no",101
988,"no",43
988,"abstain",1
988,"yes",48
988,"no_show",7
989,"no_show",7
989,"yes",90
989,"abstain",2
990,"no_show",43
990,"yes",310
990,"no",205
990,"abstain",61
991,"yes",86
991,"no",126
991,"no_show",9
991,"abstain",16
992,"abstain",1
992,"no_show",11
992,"yes",45
992,"no",42
993,"no_show",34
993,"yes",200
993,"no",319
993,"abstain",66
994,"yes",126
994,"no",105
994,"no_show",6
995,"no",73
995,"yes",498
995,"abstain",5
995,"no_show",43
996,"abstain",3
996,"no",308
996,"no_show",74
996,"yes",234
997,"no",15
997,"yes",75
998,"yes",501
998,"no_show",42
998,"abstain",7
998,"no",69
999,"yes",210
999,"no_show",43
999,"no",326
999,"abstain",40
1000,"yes",78
1000,"no",2
1000,"no_show",12
1000,"abstain",7
1001,"yes",65
1001,"no",7
1001,"abstain",12
1001,"no_show",15
1002,"yes",64
1002,"no",19
1002,"no_show",16
1003,"no_show",24
1003,"abstain",1
1003,"no",29
1003,"yes",45
1004,"yes",539
1004,"abstain",2
1004,"no_show",29
1004,"no",60
1005,"no_show",60
1005,"abstain",2
1005,"no",58
1005,"yes",510
1006,"no",41
1006,"no_show",9
1006,"yes",47
1006,"abstain",2
1007,"no_show",31
1007,"abstain",7
1007,"yes",522
1007,"no",71
1008,"no_show",29
1008,"abstain",6
1008,"no",129
1008,"yes",467
1009,"yes",121
1009,"no_show",41
1009,"no",451
1009,"abstain",18
1010,"no_show",6
1010,"yes",57
1010,"no",31
1010,"abstain",5
1011,"yes",498
1011,"abstain",17
1011,"no_show",32
1011,"no",84
1012,"no",61
1012,"yes",525
1012,"abstain",4
1012,"no_show",41
1013,"no",3
1013,"yes",582
1013,"abstain",7
1013,"no_show",38
1014,"yes",464
1014,"no_show",41
1014,"abstain",10
1014,"no",115
1015,"yes",38
1015,"no",53
1015,"no_show",8
1016,"yes",22
1016,"no_show",25
1016,"no",52
1017,"no",37
1017,"no_show",6
1017,"yes",56
1018,"yes",55
1018,"abstain",10
1018,"no",24
1018,"no_show",10
1019,"yes",56
1019,"no_show",2
1019,"no",41
1020,"yes",110
1020,"no_show",72
1020,"no",439
1020,"abstain",9
1021,"no_show",6
1021,"yes",51
1021,"abstain",1
1021,"no",41
1022,"no_show",16
1022,"no",38
1022,"abstain",10
1022,"yes",35
1023,"no",4
1023,"abstain",26
1023,"no_show",3
1023,"yes",115
1024,"no_show",9
1024,"yes",59
1024,"no",81
1025,"no",58
1025,"yes",82
1025,"no_show",9
1026,"no_show",6
1026,"yes",68
1026,"no",56
1026,"abstain",2
1027,"no",68
1027,"abstain",1
1027,"yes",56
1027,"no_show",7
1028,"yes",49
1028,"no",76
1028,"no_show",7
1029,"no",1
1029,"yes",89
1029,"abstain",3
1029,"no_show",6
1030,"no_show",2
1030,"yes",34
1030,"no",33
1031,"no_show",6
1031,"no",31
1031,"yes",32
1032,"no",31
1032,"no_show",6
1032,"yes",32
1033,"yes",35
1033,"no",31
1033,"no_show",3
1034,"no",29
1034,"no_show",4
1034,"yes",36
1035,"no",41
1035,"yes",26
1035,"no_show",2
1036,"abstain",1
1036,"no",59
1036,"no_show",14
1036,"yes",75
1037,"no_show",19
1037,"yes",74
1037,"abstain",5
1037,"no",1
1038,"yes",530
1038,"no_show",46
1038,"abstain",55
1039,"no",59
1039,"no_show",55
1039,"yes",513
1039,"abstain",3
1040,"no_show",42
1040,"abstain",19
1040,"no",35
1040,"yes",534
1041,"abstain",3
1041,"no_show",5
1041,"no",1
1041,"yes",90
1042,"yes",576
1042,"no_show",54
1043,"no",24
1043,"no_show",2
1043,"abstain",7
1043,"yes",66
1044,"no",450
1044,"no_show",75
1044,"abstain",1
1044,"yes",104
1045,"no",464
1045,"yes",110
1045,"no_show",54
1045,"abstain",2
1046,"no_show",47
1046,"yes",459
1046,"abstain",60
1046,"no",64
1047,"yes",457
1047,"no_show",52
1047,"abstain",51
1047,"no",70
1048,"abstain",20
1048,"no",431
1048,"no_show",67
1048,"yes",112
1049,"no",59
1049,"abstain",7
1049,"yes",529
1049,"no_show",34
1050,"no",35
1050,"yes",32
1050,"no_show",2
1051,"abstain",8
1051,"yes",513
1051,"no_show",43
1051,"no",66
1052,"yes",534
1052,"abstain",61
1052,"no_show",30
1052,"no",5
1053,"no_show",44
1053,"no",64
1053,"abstain",5
1053,"yes",517
1054,"no_show",53
1054,"abstain",7
1054,"no",124
1054,"yes",446
1055,"yes",460
1055,"no",110
1055,"abstain",1
1055,"no_show",59
1056,"yes",118
1056,"no",466
1056,"no_show",46
1057,"abstain",54
1057,"no",465
1057,"no_show",61
1057,"yes",50
1058,"no",77
1058,"yes",59
1058,"no_show",10
1058,"abstain",3
1059,"no_show",5
1059,"yes",51
1059,"no",62
1060,"no_show",3
1060,"yes",50
1060,"no",65
1061,"no",46
1061,"no_show",9
1061,"yes",63
1062,"no",50
1062,"no_show",7
1062,"yes",61
1063,"no_show",5
1063,"no",51
1063,"yes",62
1064,"no_show",8
1064,"no",64
1064,"yes",46
1065,"yes",50
1065,"no",57
1065,"no_show",10
1066,"no_show",10
1066,"yes",107
1067,"yes",49
1067,"no_show",11
1067,"no",57
1068,"no",106
1068,"no_show",66
1068,"yes",458
1069,"yes",464
1069,"abstain",3
1069,"no",114
1069,"no_show",49
1070,"yes",119
1070,"abstain",2
1070,"no",462
1070,"no_show",47
1071,"yes",58
1071,"no",46
1071,"no_show",17
1072,"yes",35
1072,"no",34
1073,"no",34
1073,"yes",35
1074,"abstain",1
1074,"yes",31
1074,"no_show",4
1074,"no",33
1075,"no_show",1
1075,"no",41
1075,"yes",27
1076,"yes",474
1076,"no",57
1076,"abstain",54
1076,"no_show",46
1077,"no",53
1077,"abstain",2
1077,"yes",520
1077,"no_show",54
1078,"no_show",39
1078,"abstain",56
1078,"yes",482
1078,"no",53
1079,"abstain",3
1079,"yes",522
1079,"no_show",50
1079,"no",54
1080,"yes",474
1080,"no_show",42
1080,"abstain",1
1080,"no",112
1081,"no_show",1
1081,"yes",35
1081,"no",33
1082,"abstain",18
1082,"no_show",37
1082,"yes",472
1082,"no",102
1083,"no_show",43
1083,"yes",461
1083,"abstain",3
1083,"no",121
1084,"no",69
1084,"yes",503
1084,"abstain",7
1084,"no_show",51
1085,"no",78
1085,"yes",457
1085,"no_show",41
1085,"abstain",54
1086,"abstain",12
1086,"no",32
1086,"yes",541
1086,"no_show",45
1087,"no",60
1087,"no_show",51
1087,"yes",516
1087,"abstain",3
1088,"no_show",63
1088,"yes",434
1088,"no",127
1088,"abstain",6
1089,"abstain",53
1089,"yes",56
1089,"no",410
1089,"no_show",111
1090,"no_show",68
1090,"no",448
1090,"yes",114
1091,"no_show",47
1091,"yes",522
1091,"abstain",3
1091,"no",59
1092,"abstain",49
1092,"no",72
1092,"yes",461
1092,"no_show",49
1093,"no_show",45
1093,"no",127
1093,"yes",444
1093,"abstain",16
1094,"no_show",32
1094,"yes",527
1094,"abstain",7
1094,"no",64
1095,"no",59
1095,"abstain",7
1095,"no_show",32
1095,"yes",532
1096,"yes",115
1096,"abstain",2
1096,"no_show",40
1096,"no",473
1097,"no",64
1097,"abstain",4
1097,"yes",528
1097,"no_show",34
1099,"no",8
1099,"abstain",2
1099,"no_show",18
1099,"yes",68
1100,"yes",64
1100,"no_show",4
1100,"no",27
1100,"abstain",1
1101,"no_show",23
1101,"abstain",6
1101,"no",1
1101,"yes",65
1102,"abstain",10
1102,"no",11
1102,"yes",71
1102,"no_show",4
1103,"no_show",32
1103,"no",118
1103,"abstain",40
1103,"yes",438
1104,"yes",113
1104,"no_show",38
1104,"abstain",1
1104,"no",478
1105,"yes",112
1105,"no_show",47
1105,"abstain",2
1105,"no",469
1106,"yes",451
1106,"abstain",18
1106,"no_show",47
1106,"no",112
1107,"yes",56
1107,"no",29
1107,"abstain",4
1107,"no_show",7
1108,"no_show",4
1108,"yes",47
1108,"no",42
1108,"abstain",3
1109,"abstain",17
1109,"no",29
1109,"yes",36
1109,"no_show",14
1110,"yes",77
1110,"abstain",5
1110,"no_show",6
1110,"no",8
1111,"no_show",23
1111,"no",9
1111,"yes",64
1112,"no_show",15
1112,"no",11
1112,"yes",68
1112,"abstain",2
1113,"no_show",19
1113,"yes",76
1113,"abstain",1
1114,"no",23
1114,"abstain",4
1114,"no_show",5
1114,"yes",64
1115,"abstain",1
1115,"no",19
1115,"no_show",20
1115,"yes",56
1116,"no_show",17
1116,"no",8
1116,"abstain",23
1116,"yes",48
1117,"abstain",5
1117,"yes",72
1117,"no_show",19
1118,"abstain",7
1118,"no_show",22
1118,"yes",53
1118,"no",14
1119,"no",36
1119,"no_show",5
1119,"yes",55
1120,"no_show",5
1120,"yes",51
1120,"no",39
1120,"abstain",1
1121,"yes",69
1121,"no_show",5
1121,"no",11
1121,"abstain",11
1122,"no_show",22
1122,"no",37
1122,"abstain",3
1122,"yes",34
1123,"no_show",13
1123,"yes",73
1123,"abstain",1
1123,"no",9
1124,"yes",74
1124,"no_show",12
1124,"no",8
1124,"abstain",2
1125,"abstain",1
1125,"yes",83
1125,"no_show",11
1125,"no",1
1126,"yes",64
1126,"abstain",8
1126,"no_show",8
1126,"no",16
1127,"abstain",5
1127,"no",26
1127,"no_show",28
1127,"yes",37
1128,"no",2
1128,"no_show",7
1128,"yes",86
1129,"no_show",6
1129,"yes",76
1129,"no",5
1129,"abstain",9
1130,"yes",75
1130,"no_show",6
1130,"no",11
1130,"abstain",4
1131,"yes",44
1131,"no_show",2
1131,"no",45
1132,"no",41
1132,"yes",46
1132,"no_show",4
1133,"no",44
1133,"yes",44
1133,"no_show",3
1134,"yes",45
1134,"no_show",3
1134,"no",43
1135,"abstain",4
1135,"no",24
1135,"yes",51
1135,"no_show",17
1136,"yes",43
1136,"no_show",3
1136,"no",45
1137,"yes",48
1137,"no_show",2
1137,"no",41
1138,"abstain",2
1138,"no",18
1138,"no_show",9
1138,"yes",67
1139,"yes",47
1139,"no_show",8
1139,"abstain",4
1139,"no",36
1140,"no_show",13
1140,"abstain",1
1140,"yes",46
1140,"no",35
1141,"abstain",16
1141,"no_show",7
1141,"no",18
1141,"yes",54
1142,"abstain",9
1142,"no_show",19
1142,"yes",370
1142,"no",232
1143,"no",116
1143,"yes",448
1143,"no_show",62
1143,"abstain",2
1144,"no",68
1144,"abstain",56
1144,"no_show",31
1144,"yes",475
1145,"yes",404
1145,"no",148
1145,"no_show",71
1145,"abstain",7
1146,"no_show",28
1146,"no",112
1146,"abstain",10
1146,"yes",480
1147,"no",58
1147,"no_show",53
1147,"yes",517
1147,"abstain",2
1148,"abstain",2
1148,"no_show",57
1148,"yes",514
1148,"no",57
1149,"no_show",33
1149,"no",145
1149,"abstain",7
1149,"yes",445
1150,"yes",118
1150,"no",461
1150,"no_show",51
1151,"no_show",29
1151,"yes",467
1151,"no",133
1151,"abstain",1
1152,"no",65
1152,"yes",504
1152,"abstain",6
1152,"no_show",55
1153,"no",82
1153,"yes",442
1153,"no_show",58
1153,"abstain",48
1154,"no",147
1154,"no_show",50
1154,"abstain",4
1154,"yes",429
1155,"abstain",3
1155,"no",446
1155,"yes",117
1155,"no_show",64
1156,"no_show",50
1156,"no",123
1156,"yes",456
1156,"abstain",1
1157,"no",58
1157,"abstain",54
1157,"yes",464
1157,"no_show",54
1158,"abstain",43
1158,"yes",125
1158,"no_show",39
1158,"no",423
1159,"no_show",65
1159,"yes",496
1159,"abstain",2
1159,"no",67
1160,"no",72
1160,"no_show",67
1160,"yes",456
1160,"abstain",35
1161,"no",145
1161,"abstain",3
1161,"no_show",58
1161,"yes",424
1162,"no_show",63
1162,"abstain",5
1162,"yes",496
1162,"no",66
1163,"no_show",77
1163,"yes",435
1163,"no",109
1163,"abstain",9
1164,"no",119
1164,"abstain",3
1164,"no_show",62
1164,"yes",446
1165,"yes",502
1165,"no_show",58
1165,"abstain",6
1165,"no",64
1166,"yes",586
1166,"no_show",31
1167,"no_show",56
1167,"abstain",9
1167,"yes",443
1167,"no",121
1168,"no",98
1168,"yes",5
1168,"no_show",18
1169,"no_show",10
1169,"no",81
1169,"abstain",3
1169,"yes",32
1170,"yes",81
1170,"no_show",4
1170,"no",37
1171,"no_show",7
1171,"abstain",6
1171,"yes",70
1171,"no",38
1172,"yes",66
1172,"abstain",1
1172,"no",37
1172,"no_show",17
1173,"no",61
1173,"no_show",8
1173,"yes",19
1174,"yes",35
1174,"no_show",7
1174,"no",46
1175,"no",35
1175,"no_show",1
1175,"abstain",7
1175,"yes",45
1176,"abstain",9
1176,"no_show",10
1176,"no",3
1176,"yes",66
1177,"yes",45
1177,"abstain",1
1177,"no",39
1177,"no_show",5
1178,"no",45
1178,"no_show",13
1178,"yes",30
1179,"yes",83
1179,"no",1
1179,"no_show",7
1180,"no_show",2
1180,"no",42
1180,"yes",47
1182,"yes",47
1182,"abstain",1
1182,"no",36
1182,"no_show",7
1183,"yes",79
1183,"no",7
1183,"no_show",5
1184,"yes",40
1184,"no_show",4
1184,"no",47
1185,"no_show",9
1185,"yes",33
1185,"no",84
1186,"abstain",8
1186,"no",88
1186,"yes",22
1186,"no_show",8
1187,"no",84
1187,"yes",31
1187,"no_show",11
1188,"abstain",11
1188,"no",11
1188,"no_show",33
1188,"yes",41
1189,"yes",53
1189,"no_show",23
1189,"no",16
1189,"abstain",4
1190,"no_show",12
1190,"no",5
1190,"abstain",4
1190,"yes",75
1191,"no_show",5
1191,"yes",46
1191,"abstain",1
1191,"no",44
1192,"abstain",1
1192,"no",36
1192,"no_show",8
1192,"yes",46
1193,"abstain",24
1193,"yes",7
1193,"no_show",18
1193,"no",42
1194,"yes",100
1194,"abstain",2
1194,"no",424
1194,"no_show",104
1195,"abstain",1
1195,"no",117
1195,"yes",441
1195,"no_show",71
1196,"abstain",13
1196,"no_show",41
1196,"no",126
1196,"yes",450
1197,"yes",114
1197,"no",467
1197,"no_show",49
1198,"no",465
1198,"yes",57
1198,"no_show",50
1198,"abstain",57
1199,"no_show",87
1199,"abstain",21
1199,"no",164
1199,"yes",358
1200,"yes",445
1200,"no_show",44
1200,"no",139
1200,"abstain",2
1201,"no",115
1201,"no_show",57
1201,"yes",458
1202,"yes",434
1202,"no_show","100"
1202,"abstain","95"
1203,"no","99"
1203,"no_show","87"
1203,"yes","442"
1203,"abstain","1"
1204,"abstain","6"
1204,"no_show","50"
1204,"no","58"
1204,"yes","516"
1205,"abstain","1"
1205,"no_show","40"
1205,"no","59"
1205,"yes","530"
1206,"no","60"
1206,"no_show","43"
1206,"abstain","1"
1206,"yes","526"
1207,"abstain","54"
1207,"no_show","67"
1207,"yes","509"
1208,"yes","467"
1208,"no_show","53"
1208,"abstain","9"
1208,"no","101"
1209,"yes","53"
1209,"no","447"
1209,"abstain","58"
1209,"no_show","72"
1210,"no","498"
1210,"yes","53"
1210,"no_show","79"
1211,"yes","498"
1211,"no","55"
1211,"no_show","74"
1211,"abstain","3"
1212,"abstain","46"
1212,"yes","444"
1212,"no_show","73"
1212,"no","67"
1213,"abstain","5"
1213,"no","28"
1213,"yes","58"
1213,"no_show","4"
1214,"no_show","2"
1214,"yes","14"
1214,"abstain","16"
1214,"no","94"
1215,"abstain","13"
1215,"yes","32"
1215,"no_show","10"
1215,"no","71"
1216,"no","29"
1216,"abstain","1"
1216,"no_show","13"
1216,"yes","48"
1217,"yes","455"
1217,"no","146"
1217,"abstain","2"
1217,"no_show","27"
1218,"abstain","56"
1218,"no_show","60"
1218,"yes","53"
1218,"no","461"
1219,"no_show","65"
1219,"yes","110"
1219,"no","455"
1220,"yes","397"
1220,"abstain","9"
1220,"no_show","89"
1220,"no","135"
1221,"no_show","93"
1221,"yes","435"
1221,"no","102"
1222,"no_show","77"
1222,"no","451"
1222,"yes","102"
1223,"abstain","1"
1223,"no_show","65"
1223,"yes","500"
1223,"no","64"
1224,"abstain","32"
1224,"no","71"
1224,"no_show","66"
1224,"yes","461"
1225,"no_show","27"
1225,"yes","455"
1225,"no","87"
1225,"abstain","61"
1226,"no_show","68"
1226,"yes","446"
1226,"no","109"
1226,"abstain","7"
1227,"abstain","48"
1227,"yes","462"
1227,"no_show","64"
1227,"no","56"
1228,"abstain","23"
1228,"yes","458"
1228,"no","85"
1228,"no_show","64"
1229,"abstain","58"
1229,"no_show","111"
1229,"no","408"
1229,"yes","53"
1230,"no_show","57"
1230,"abstain","5"
1230,"yes","513"
1230,"no","55"
1231,"no_show","51"
1231,"no","57"
1231,"yes","502"
1231,"abstain","20"
1232,"no","226"
1232,"yes","393"
1232,"abstain","4"
1232,"no_show","7"
1233,"no","116"
1233,"no_show","44"
1233,"yes","467"
1233,"abstain","3"
1234,"yes","505"
1234,"abstain","7"
1234,"no","59"
1234,"no_show","59"
1236,"yes","37"
1236,"no","29"
1236,"abstain","1"
1236,"no_show","29"
1237,"no","196"
1237,"no_show","41"
1237,"abstain","37"
1237,"yes","435"
1238,"yes","601"
1238,"no","68"
1238,"no_show","40"
1239,"no_show","31"
1239,"no","72"
1239,"yes","606"
1240,"no_show","43"
1240,"yes","504"
1240,"abstain","4"
1240,"no","158"
1241,"abstain","4"
1241,"yes","530"
1241,"no_show","38"
1241,"no","137"
1242,"yes","66"
1242,"no_show","17"
1242,"no","8"
1243,"no","117"
1243,"yes","74"
1243,"no_show","8"
1244,"no","226"
1244,"yes","436"
1244,"abstain","10"
1244,"no_show","37"
1245,"no_show","41"
1245,"abstain","12"
1245,"yes","458"
1245,"no","198"
1246,"no_show","45"
1246,"abstain","8"
1246,"yes","504"
1246,"no","152"
1247,"no","115"
1247,"yes","80"
1247,"no_show","4"
1248,"no_show","11"
1248,"yes","13"
1248,"no","46"
1248,"abstain","1"
1249,"no","39"
1249,"no_show","6"
1249,"yes","26"
1250,"no_show","46"
1250,"yes","43"
1250,"no","89"
1250,"abstain","2"
1251,"no_show","8"
1251,"no","34"
1251,"yes","101"
1252,"no","50"
1252,"yes","83"
1252,"no_show","10"
1253,"no","50"
1253,"yes","84"
1253,"no_show","7"
1253,"abstain","2"
1254,"no","96"
1254,"no_show","15"
1254,"yes","32"
1255,"no_show","11"
1255,"yes","33"
1255,"no","99"
1256,"no","104"
1256,"no_show","11"
1256,"yes","28"
1257,"no_show","18"
1257,"no","80"
1257,"yes","41"
1257,"abstain","4"
1258,"no_show","61"
1258,"yes","119"
1259,"no","34"
1259,"no_show","5"
1259,"yes","48"
1259,"abstain","1"
1260,"abstain","51"
1260,"no","14"
1260,"no_show","35"
1260,"yes","80"
1261,"abstain","4"
1261,"no_show","31"
1261,"no","298"
1261,"yes","376"
1262,"no","554"
1262,"no_show","32"
1262,"yes","123"
1263,"no","583"
1263,"yes","83"
1263,"abstain","2"
1263,"no_show","41"
1264,"no_show","36"
1264,"yes","129"
1264,"no","15"
1265,"no_show","41"
1265,"no","76"
1265,"yes","63"
1266,"no","74"
1266,"no_show","50"
1266,"yes","56"
1267,"yes","70"
1267,"no","53"
1267,"no_show","56"
1267,"abstain","1"
1268,"no","15"
1268,"abstain","34"
1268,"yes","102"
1268,"no_show","29"
1269,"no","37"
1269,"abstain","32"
1269,"no_show","25"
1269,"yes","86"
1270,"no_show","5"
1270,"no","37"
1270,"abstain","4"
1270,"yes","50"
1271,"yes","13"
1271,"no_show","16"
1271,"no","59"
1272,"abstain","4"
1272,"no_show","10"
1272,"no","38"
1272,"yes","20"
1273,"no_show","41"
1273,"no","77"
1273,"yes","62"
1274,"no","54"
1274,"yes","71"
1274,"no_show","55"
1275,"no_show","23"
1275,"abstain","4"
1275,"yes","61"
1275,"no","8"
1276,"no","51"
1276,"abstain","2"
1276,"yes","96"
1276,"no_show","30"
1277,"abstain","4"
1277,"no","88"
1277,"no_show","35"
1277,"yes","53"
1278,"no_show","47"
1278,"yes","57"
1278,"no","76"
1279,"no","552"
1279,"yes","77"
1279,"no_show","79"
1279,"abstain","1"
1280,"yes","46"
1280,"abstain","39"
1280,"no_show","6"
1281,"yes","49"
1281,"no","52"
1282,"no","544"
1282,"no_show","78"
1282,"abstain","3"
1282,"yes","84"
1283,"no_show","53"
1283,"yes","359"
1283,"no","218"
1283,"abstain","79"
1284,"yes","447"
1284,"no","180"
1284,"abstain","16"
1284,"no_show","66"
1285,"abstain","6"
1285,"no_show","70"
1285,"no","197"
1285,"yes","436"
1286,"yes","580"
1286,"abstain","4"
1286,"no","57"
1286,"no_show","68"
1287,"no","59"
1287,"yes","578"
1287,"abstain","4"
1287,"no_show","68"
1288,"no","112"
1288,"no_show","12"
1288,"yes","36"
1289,"yes","63"
1289,"no_show","10"
1289,"no","10"
1290,"no","6"
1290,"no_show","8"
1290,"yes","69"
1291,"no","65"
1291,"yes","41"
1291,"no_show","4"
1292,"no_show","15"
1292,"yes","42"
1292,"no","14"
1293,"no_show","10"
1293,"yes","61"
1294,"yes","178"
1294,"abstain","2"
1294,"no_show","7"
1294,"no","12"
1295,"yes","25"
1295,"abstain","5"
1295,"no","42"
1295,"no_show","16"
1296,"yes","47"
1296,"no","32"
1296,"no_show","12"
1297,"no_show","10"
1297,"yes","60"
1297,"no","13"
1298,"no","42"
1298,"no_show","19"
1298,"yes","30"
1299,"yes","56"
1299,"no","39"
1299,"abstain","6"
1299,"no_show","9"
1300,"no_show","2"
1300,"no","60"
1300,"yes","43"
1300,"abstain","5"
1301,"no_show","12"
1301,"no","43"
1301,"yes","30"
1301,"abstain","6"
1302,"no","31"
1302,"yes","97"
1302,"no_show","9"
1303,"yes","42"
1303,"no_show","13"
1303,"no","55"
1304,"abstain","5"
1304,"no","26"
1304,"no_show","15"
1304,"yes","45"
1305,"no_show","82"
1305,"yes","548"
1305,"abstain","79"
1306,"abstain","4"
1306,"no_show","53"
1306,"yes","496"
1306,"no","156"
1307,"no_show","65"
1307,"yes","531"
1307,"abstain","35"
1307,"no","78"
1308,"no","144"
1308,"no_show","77"
1308,"abstain","2"
1308,"yes","486"
1309,"yes","55"
1309,"no","73"
1309,"no_show","51"
1309,"abstain","1"
1310,"no_show","47"
1310,"no","53"
1310,"yes","80"
1311,"yes","58"
1311,"no","85"
1311,"no_show","33"
1311,"abstain","4"
1312,"yes","35"
1312,"no_show","61"
1312,"no","80"
1312,"abstain","4"
1313,"abstain","1"
1313,"no_show","47"
1313,"no","78"
1313,"yes","54"
1314,"yes","14"
1314,"abstain","1"
1314,"no","117"
1314,"no_show","48"
1315,"no_show","45"
1315,"no","73"
1315,"abstain","1"
1315,"yes","61"
1316,"yes","134"
1316,"no_show","46"
1317,"yes","58"
1317,"no_show","1"
1317,"abstain","1"
1317,"no","23"
1318,"yes","60"
1318,"no","76"
1318,"no_show","44"
1319,"no_show","32"
1319,"yes","65"
1319,"no","83"
1320,"yes","54"
1320,"no","98"
1320,"no_show","28"
1321,"no_show","37"
1321,"no","79"
1321,"yes","28"
1321,"abstain","36"
1322,"abstain","1"
1322,"no_show","37"
1322,"yes","62"
1322,"no","80"
1323,"yes","73"
1323,"no_show","56"
1323,"no","39"
1323,"abstain","12"
1324,"no","49"
1324,"no_show","6"
1324,"yes","66"
1325,"yes","90"
1325,"no_show","21"
1325,"no","67"
1325,"abstain","2"
1326,"no","13"
1326,"yes","123"
1326,"no_show","40"
1326,"abstain","4"
1327,"no_show","64"
1327,"yes","40"
1327,"no","68"
1327,"abstain","8"
1328,"no","81"
1328,"no_show","32"
1328,"abstain","1"
1328,"yes","66"
1329,"abstain","1"
1329,"no","79"
1329,"yes","54"
1329,"no_show","46"
1330,"yes","14"
1330,"no_show","14"
1330,"no","43"
1331,"no_show","58"
1331,"no","46"
1331,"yes","76"
1332,"abstain","9"
1332,"yes","47"
1332,"no","74"
1332,"no_show","50"
1333,"no","549"
1333,"no_show","73"
1333,"yes","85"
1333,"abstain","2"
1334,"no_show","45"
1334,"no","79"
1334,"abstain","13"
1334,"yes","43"
1335,"no_show","24"
1335,"abstain","15"
1335,"no","86"
1335,"yes","55"
1336,"no","78"
1336,"no_show","40"
1336,"yes","50"
1336,"abstain","12"
1337,"no","83"
1337,"no_show","30"
1337,"yes","67"
1338,"no_show","47"
1338,"no","77"
1338,"yes","56"
1339,"abstain","4"
1339,"yes","53"
1339,"no","88"
1339,"no_show","35"
1340,"no","67"
1340,"abstain","1"
1340,"no_show","57"
1340,"yes","55"
1341,"abstain","12"
1341,"no","87"
1341,"no_show","40"
1341,"yes","41"
1342,"no","98"
1342,"no_show","33"
1342,"yes","49"
1343,"yes","51"
1343,"no","72"
1343,"no_show","57"
1344,"no","72"
1344,"abstain","11"
1344,"yes","46"
1344,"no_show","51"
1345,"no_show","3"
1345,"no","41"
1345,"yes","29"
1346,"no_show","47"
1346,"abstain","11"
1346,"yes","122"
1347,"no","45"
1347,"yes","22"
1347,"no_show","6"
1348,"yes","44"
1348,"no","77"
1348,"abstain","10"
1348,"no_show","49"
1349,"no_show","39"
1349,"no","79"
1349,"yes","62"
1350,"no_show","3"
1350,"yes","81"
1350,"abstain","6"
1350,"no","6"
1351,"no","34"
1351,"no_show","13"
1351,"yes","44"
1353,"no_show","3"
1353,"abstain","3"
1353,"no","19"
1353,"yes","60"
1354,"yes","119"
1354,"no_show","48"
1354,"no","542"
1355,"yes","81"
1355,"abstain","2"
1355,"no_show","5"
1355,"no","7"
1356,"no","59"
1356,"yes","77"
1356,"no_show","2"
1357,"no_show","8"
1357,"no","68"
1357,"yes","62"
1358,"yes","71"
1358,"no","62"
1359,"no_show","6"
1359,"abstain","1"
1359,"no","68"
1359,"yes","63"
1360,"no","68"
1360,"yes","64"
1360,"no_show","6"
1361,"no","75"
1361,"yes","58"
1361,"no_show","5"
1362,"no","70"
1362,"yes","65"
1362,"no_show","3"
1363,"no","63"
1363,"no_show","4"
1363,"yes","71"
1364,"no_show","9"
1364,"no","69"
1364,"yes","60"
1365,"yes","64"
1365,"no","65"
1365,"no_show","9"
1366,"yes","60"
1366,"no","67"
1366,"no_show","11"
1367,"no_show","17"
1367,"no","56"
1367,"yes","65"
1368,"no","64"
1368,"yes","68"
1368,"no_show","6"
1369,"no_show","18"
1369,"no","20"
1369,"yes","141"
1369,"abstain","1"
1370,"abstain","1"
1370,"yes","86"
1370,"no","68"
1370,"no_show","25"
1371,"yes","96"
1371,"abstain","1"
1371,"no_show","17"
1371,"no","66"
1372,"no","83"
1372,"yes","49"
1372,"abstain","17"
1372,"no_show","31"
1373,"yes","68"
1373,"no","87"
1373,"no_show","25"
1374,"no_show","39"
1374,"no","114"
1374,"yes","27"
1375,"yes","52"
1375,"no_show","21"
1375,"abstain","13"
1375,"no","94"
1376,"no_show","35"
1376,"no","87"
1376,"yes","58"
1377,"yes","79"
1377,"no","65"
1377,"no_show","35"
1378,"no","78"
1378,"abstain","13"
1378,"yes","49"
1378,"no_show","38"
1379,"no","60"
1379,"no_show","49"
1379,"yes","71"
1380,"yes","48"
1380,"no_show","38"
1380,"no","94"
1381,"yes","125"
1381,"no","16"
1381,"no_show","39"
1382,"abstain","33"
1382,"no","86"
1382,"yes","29"
1382,"no_show","32"
1383,"no_show","40"
1383,"yes","32"
1383,"no","79"
1383,"abstain","29"
1384,"abstain","29"
1384,"yes","110"
1384,"no_show","41"
1385,"no_show","43"
1385,"yes","52"
1385,"abstain","1"
1385,"no","84"
1386,"no","90"
1386,"no_show","39"
1386,"yes","49"
1387,"abstain","34"
1387,"yes","16"
1387,"no","88"
1387,"no_show","42"
1388,"abstain","1"
1388,"yes","61"
1388,"no_show","31"
1388,"no","86"
1389,"no_show","51"
1389,"yes","57"
1389,"no","69"
1389,"abstain","3"
1390,"no_show","26"
1390,"no","29"
1390,"yes","124"
1390,"abstain","1"
1391,"yes","79"
1391,"no_show","35"
1391,"no","63"
1391,"abstain","3"
1392,"yes","61"
1392,"no_show","44"
1392,"no","75"
1393,"yes","61"
1393,"no","75"
1393,"no_show","44"
1394,"abstain","1"
1394,"yes","64"
1394,"no","71"
1394,"no_show","44"
1395,"no_show","17"
1395,"yes","22"
1395,"no","141"
1396,"yes","106"
1396,"no_show","22"
1396,"no","52"
1397,"yes","61"
1397,"no","85"
1397,"no_show","34"
1398,"no","81"
1398,"yes","58"
1398,"no_show","41"
1399,"no","17"
1399,"abstain","46"
1399,"no_show","21"
1399,"yes","96"
1400,"no_show","41"
1400,"abstain","11"
1400,"no","82"
1400,"yes","46"
1401,"yes","119"
1401,"no_show","28"
1401,"no","15"
1401,"abstain","16"
1402,"no","90"
1402,"yes","74"
1402,"no_show","14"
1403,"no","72"
1403,"no_show","11"
1403,"yes","94"
1404,"yes","74"
1404,"no_show","14"
1404,"no","92"
1405,"abstain","1"
1405,"no_show","20"
1405,"yes","69"
1405,"no","90"
1406,"no_show","20"
1406,"no","98"
1406,"yes","62"
1407,"no_show","34"
1407,"no","49"
1407,"abstain","15"
1407,"yes","82"
1408,"no","97"
1408,"no_show","29"
1408,"yes","52"
1408,"abstain","1"
1409,"no","140"
1409,"yes","16"
1409,"no_show","24"
1410,"yes","52"
1410,"no_show","52"
1410,"no","76"
1411,"no","85"
1411,"yes","69"
1411,"no_show","26"
1412,"no","52"
1412,"no_show","39"
1412,"yes","87"
1413,"yes","64"
1413,"no_show","35"
1413,"no","81"
1414,"no_show","17"
1414,"no","91"
1414,"yes","72"
1415,"no_show","28"
1415,"no","52"
1415,"yes","88"
1415,"abstain","12"
1416,"no_show","29"
1416,"yes","86"
1416,"abstain","4"
1416,"no","61"
1417,"abstain","27"
1417,"yes","40"
1417,"no","81"
1417,"no_show","32"
1418,"no_show","34"
1418,"no","84"
1418,"yes","62"
1419,"no","86"
1419,"no_show","32"
1419,"yes","62"
1420,"abstain","2"
1420,"no","68"
1420,"yes","60"
1420,"no_show","50"
1421,"no_show","64"
1421,"yes","47"
1421,"no","69"
1422,"yes","60"
1422,"no","78"
1422,"no_show","42"
1423,"yes","39"
1423,"no_show","20"
1423,"no","86"
1423,"abstain","35"
1424,"yes","88"
1424,"no_show","20"
1424,"abstain","16"
1424,"no","56"
1425,"no_show","21"
1425,"no","89"
1425,"yes","70"
1426,"yes","29"
1426,"no_show","49"
1426,"abstain","5"
1426,"no","97"
1427,"yes","59"
1427,"abstain","1"
1427,"no","78"
1427,"no_show","42"
1428,"no","69"
1428,"yes","89"
1428,"no_show","22"
1429,"yes","157"
1429,"no_show","23"
1430,"no_show","34"
1430,"yes","85"
1430,"no","61"
1431,"no_show","61"
1431,"no","49"
1431,"yes","68"
1431,"abstain","2"
1432,"no_show","34"
1432,"yes","62"
1432,"no","84"
1433,"no_show","64"
1433,"yes","46"
1433,"no","70"
1434,"yes","58"
1434,"no_show","39"
1434,"no","83"
1435,"abstain","1"
1435,"no","71"
1435,"yes","49"
1435,"no_show","58"
1436,"yes","18"
1436,"no","135"
1436,"no_show","27"
1437,"no_show","11"
1437,"yes","170"
1438,"no_show","39"
1438,"yes","44"
1438,"abstain","16"
1438,"no","81"
1439,"no_show","30"
1439,"yes","150"
1440,"no","102"
1440,"no_show","24"
1440,"yes","54"
1441,"yes","51"
1441,"no","100"
1441,"no_show","29"
1442,"yes","47"
1442,"no","80"
1442,"abstain","11"
1442,"no_show","42"
1443,"no","73"
1443,"no_show","60"
1443,"yes","28"
1443,"abstain","19"
1444,"no_show","37"
1444,"no","82"
1444,"yes","61"
1445,"yes","47"
1445,"no_show","34"
1445,"abstain","13"
1445,"no","80"
1446,"abstain","1"
1446,"no_show","32"
1446,"yes","66"
1446,"no","81"
1447,"no","78"
1447,"yes","57"
1447,"abstain","4"
1447,"no_show","41"
1448,"no_show","41"
1448,"no","59"
1448,"yes","80"
1449,"yes","45"
1449,"abstain","16"
1449,"no_show","37"
1449,"no","82"
1450,"yes","58"
1450,"no","76"
1450,"no_show","46"
1451,"no","83"
1451,"yes","43"
1451,"abstain","2"
1451,"no_show","50"
1452,"abstain","21"
1452,"no","34"
1452,"no_show","15"
1452,"yes","79"
1453,"yes","117"
1453,"no","453"
1453,"no_show","58"
1453,"abstain","2"
1454,"abstain","6"
1454,"yes","42"
1454,"no_show","6"
1454,"no","56"
1455,"no_show","4"
1455,"no","6"
1455,"yes","100"
1456,"no","58"
1456,"no_show","4"
1456,"yes","48"
1457,"no_show","8"
1457,"no","96"
1457,"yes","6"
1458,"yes","59"
1458,"no_show","4"
1458,"no","41"
1458,"abstain","6"
1459,"abstain","6"
1459,"yes","41"
1459,"no","63"
1460,"no","62"
1460,"no_show","10"
1460,"yes","38"
1461,"yes","42"
1461,"no_show","7"
1461,"no","61"
1462,"no","97"
1462,"no_show","8"
1462,"yes","5"
1463,"no","97"
1463,"yes","6"
1463,"no_show","7"
1464,"no_show","2"
1464,"yes","59"
1464,"no","49"
1465,"yes","7"
1465,"no","99"
1465,"no_show","4"
1466,"no_show","4"
1466,"no","44"
1466,"abstain","6"
1466,"yes","56"
1467,"no_show","5"
1467,"abstain","34"
1467,"yes","5"
1467,"no","66"
1468,"yes","67"
1468,"no","68"
1468,"no_show","2"
1469,"no_show","2"
1469,"yes","67"
1469,"no","68"
1470,"yes","67"
1470,"no","68"
1470,"no_show","2"
1471,"no_show","5"
1471,"yes","65"
1471,"no","67"
1472,"no_show","5"
1472,"yes","65"
1472,"no","66"
1473,"no_show","5"
1473,"yes","64"
1473,"no","68"
1474,"no","69"
1474,"yes","67"
1474,"no_show","1"
1475,"yes","67"
1475,"no","69"
1475,"no_show","1"
1476,"yes","68"
1476,"no","69"
1477,"no","66"
1477,"no_show","6"
1477,"yes","65"
1478,"no_show","4"
1478,"no","66"
1478,"yes","67"
1479,"no_show","4"
1479,"no","67"
1479,"yes","66"
1480,"no_show","6"
1480,"yes","124"
1480,"no","106"
1481,"abstain","40"
1481,"no","124"
1481,"yes","66"
1481,"no_show","6"
1482,"no","179"
1482,"no_show","20"
1482,"yes","38"
1483,"no_show","13"
1483,"no","100"
1483,"yes","124"
1484,"yes","20"
1484,"no_show","10"
1484,"no","207"
1485,"abstain","64"
1485,"no","139"
1485,"no_show","17"
1485,"yes","17"
1486,"no","194"
1486,"yes","18"
1486,"no_show","24"
1486,"abstain","1"
1487,"yes","19"
1487,"no_show","14"
1487,"no","204"
1488,"no_show","24"
1488,"yes","17"
1488,"no","196"
1489,"yes","98"
1489,"no_show","23"
1489,"no","116"
1490,"no","99"
1490,"yes","118"
1490,"no_show","20"
1491,"no_show","15"
1491,"no","187"
1491,"yes","35"
1492,"yes","137"
1492,"no_show","11"
1492,"abstain","3"
1492,"no","86"
1493,"no_show","23"
1493,"no","15"
1493,"abstain","58"
1493,"yes","141"
1494,"no_show","24"
1494,"no","15"
1494,"abstain","16"
1494,"yes","180"
1495,"no_show","34"
1495,"yes","13"
1495,"abstain","2"
1495,"no","188"
1496,"no_show","19"
1496,"yes","133"
1496,"abstain","1"
1496,"no","84"
1497,"yes","33"
1497,"no_show","3"
1497,"no","33"
1498,"yes","46"
1498,"abstain","22"
1498,"no_show","1"
1499,"no","59"
1499,"no_show","4"
1499,"yes","6"
1500,"no","45"
1500,"no_show","4"
1500,"yes","20"
1501,"yes","33"
1501,"no","35"
1501,"no_show","1"
1502,"no_show","7"
1502,"yes","43"
1502,"no","19"
1503,"yes","30"
1503,"no_show","7"
1503,"abstain","25"
1503,"no","6"
1504,"abstain","7"
1504,"yes","68"
1504,"no_show","21"
1506,"yes","508"
1506,"no_show","61"
1506,"abstain","4"
1506,"no","136"
1507,"yes","370"
1507,"no","279"
1507,"abstain","3"
1507,"no_show","57"
1508,"no_show","52"
1508,"yes","445"
1508,"abstain","2"
1508,"no","210"
1509,"no","143"
1509,"no_show","51"
1509,"abstain","3"
1509,"yes","512"
1510,"abstain","4"
1510,"no","285"
1510,"yes","371"
1510,"no_show","49"
1511,"no","7"
1511,"abstain","8"
1511,"no_show","14"
1511,"yes","67"
1512,"abstain","5"
1512,"no","5"
1512,"no_show","10"
1512,"yes","76"
1513,"yes","57"
1513,"no","77"
1513,"abstain","1"
1513,"no_show","44"
1514,"no_show","8"
1514,"yes","81"
1514,"no","110"
1515,"no_show","29"
1515,"yes","67"
1515,"no","85"
1516,"yes","59"
1516,"no_show","11"
1516,"no","90"
1517,"no","22"
1517,"no_show","7"
1517,"yes","56"
1518,"abstain","5"
1518,"no","10"
1518,"yes","76"
1518,"no_show","5"
1519,"no_show","12"
1519,"no","8"
1519,"yes","75"
1519,"abstain","1"
1520,"no","4"
1520,"yes","85"
1520,"abstain","4"
1520,"no_show","3"
1521,"no_show","6"
1521,"yes","77"
1521,"abstain","4"
1521,"no","9"
1522,"abstain","3"
1522,"yes","76"
1522,"no","5"
1522,"no_show","12"
1523,"yes","53"
1523,"abstain","1"
1523,"no","6"
1523,"no_show","36"
1524,"no_show","48"
1524,"yes","126"
1524,"abstain","1"
1524,"no","534"
1525,"abstain","7"
1525,"no_show","67"
1525,"yes","409"
1525,"no","226"
1526,"no","10"
1526,"no_show","8"
1526,"yes","78"
1527,"no","49"
1527,"no_show","11"
1527,"yes","36"
1528,"no","2"
1528,"yes","79"
1528,"abstain","1"
1528,"no_show","14"
1529,"yes","54"
1529,"no_show","15"
1529,"no","24"
1529,"abstain","3"
1530,"no","444"
1530,"abstain","2"
1530,"yes","186"
1530,"no_show","77"
1531,"yes","49"
1531,"no_show","9"
1531,"abstain","1"
1531,"no","37"
1532,"no","282"
1532,"no_show","41"
1532,"yes","386"
1533,"no","1"
1533,"yes","84"
1533,"no_show","10"
1533,"abstain","1"
1534,"no","6"
1534,"no_show","6"
1534,"yes","78"
1534,"abstain","6"
1535,"yes","75"
1535,"no","12"
1535,"abstain","3"
1535,"no_show","6"
1537,"no","20"
1537,"yes","100"
1537,"abstain","17"
1538,"no","28"
1538,"no_show","6"
1538,"yes","62"
1539,"no","1"
1539,"yes","22"
1539,"abstain","60"
1539,"no_show","4"
1540,"no","290"
1540,"yes","384"
1540,"no_show","35"
1541,"no","536"
1541,"no_show","57"
1541,"yes","116"
1543,"no","56"
1543,"yes","80"
1543,"abstain","12"
1543,"no_show","31"
1544,"no","7"
1544,"yes","77"
1544,"no_show","2"
1544,"abstain","10"
1545,"no","82"
1545,"no_show","5"
1545,"yes","9"
1546,"no","8"
1546,"yes","78"
1546,"abstain","5"
1546,"no_show","5"
1548,"abstain","8"
1548,"no","43"
1548,"no_show","55"
1548,"yes","73"
1549,"no","62"
1549,"no_show","28"
1549,"yes","89"
1550,"no_show","5"
1550,"yes","37"
1550,"no","41"
1551,"abstain","2"
1551,"yes","67"
1551,"no_show","18"
1551,"no","93"
1552,"yes","61"
1552,"no_show","4"
1552,"no","28"
1552,"abstain","3"
1553,"abstain","4"
1553,"no","14"
1553,"no_show","3"
1553,"yes","75"
1554,"no_show","27"
1554,"no","61"
1554,"yes","92"
1555,"no_show","28"
1555,"abstain","13"
1555,"yes","138"
1556,"no","66"
1556,"yes","42"
1556,"no_show","63"
1556,"abstain","9"
1557,"no","91"
1557,"no_show","17"
1557,"abstain","18"
1557,"yes","54"
1558,"no_show","37"
1558,"no","83"
1558,"yes","60"
1559,"no","68"
1559,"yes","35"
1559,"no_show","77"
1560,"no_show","19"
1560,"no","86"
1560,"abstain","3"
1560,"yes","72"
1562,"no","63"
1562,"no_show","73"
1562,"yes","42"
1562,"abstain","2"
1563,"yes","44"
1563,"no","105"
1563,"no_show","31"
1564,"yes","77"
1564,"no_show","45"
1564,"no","58"
1565,"yes","154"
1565,"no_show","58"
1565,"abstain","1"
1565,"no","496"
1566,"no_show","10"
1566,"no","20"
1566,"abstain","1"
1566,"yes","57"
1567,"no","42"
1567,"yes","35"
1567,"no_show","10"
1568,"abstain","187"
1568,"no","81"
1568,"yes","331"
1568,"no_show","110"
1569,"abstain","3"
1569,"no_show","178"
1569,"no","456"
1569,"yes","72"
1570,"abstain","63"
1570,"no","525"
1570,"no_show","58"
1570,"yes","63"
1571,"no_show","81"
1571,"no","548"
1571,"yes","78"
1571,"abstain","2"
1572,"no_show","50"
1572,"abstain","4"
1572,"no","294"
1572,"yes","361"
1573,"no","71"
1573,"yes","9"
1573,"abstain","49"
1573,"no_show","51"
1574,"no_show","10"
1574,"yes","98"
1574,"no","9"
1574,"abstain","4"
1575,"no","8"
1575,"yes","78"
1575,"no_show","10"
1576,"no","15"
1576,"yes","38"
1576,"no_show","4"
1576,"abstain","39"
1577,"no","9"
1577,"yes","65"
1577,"no_show","20"
1577,"abstain","1"
1578,"no_show","9"
1578,"yes","72"
1578,"abstain","3"
1578,"no","12"
1579,"abstain","1"
1579,"yes","3"
1579,"no","45"
1579,"no_show","47"
1580,"no_show","30"
1580,"no","13"
1580,"yes","42"
1580,"abstain","11"
1581,"no_show","14"
1581,"yes","75"
1581,"no","6"
1581,"abstain","1"
1582,"no_show","55"
1582,"no","7"
1582,"yes","32"
1582,"abstain","2"
1583,"no_show","11"
1583,"no","85"
1583,"yes","30"
1584,"no_show","65"
1584,"no","222"
1584,"yes","362"
1584,"abstain","60"
1585,"abstain","2"
1585,"no_show","70"
1585,"no","552"
1585,"yes","85"
1586,"no_show","59"
1586,"yes","128"
1586,"no","519"
1586,"abstain","2"
1587,"no_show","67"
1587,"yes","157"
1587,"abstain","1"
1587,"no","484"
1588,"yes","59"
1588,"no_show","7"
1588,"abstain","7"
1588,"no","23"
1589,"no","6"
1589,"no_show","4"
1589,"yes","84"
1589,"abstain","2"
1590,"no","4"
1590,"abstain","1"
1590,"no_show","30"
1590,"yes","61"
1591,"no","275"
1591,"no_show","52"
1591,"yes","382"
1592,"abstain","3"
1592,"no","487"
1592,"no_show","69"
1592,"yes","150"
1593,"yes","366"
1593,"no_show","59"
1593,"no","284"
1594,"no_show","22"
1594,"yes","19"
1594,"no","119"
1595,"no","97"
1595,"no_show","17"
1595,"yes","12"
1596,"no_show","41"
1596,"no","87"
1596,"abstain","3"
1596,"yes","578"
1597,"abstain","87"
1597,"no_show","59"
1597,"no","142"
1597,"yes","421"
1598,"no_show","43"
1598,"abstain","141"
1598,"yes","372"
1598,"no","153"
1599,"no","524"
1599,"no_show","64"
1599,"yes","121"
1600,"yes","118"
1600,"no","521"
1600,"no_show","70"
1601,"no_show","79"
1601,"yes","89"
1601,"no","541"
1602,"yes","6"
1602,"no_show","12"
1602,"abstain","1"
1602,"no","101"
1603,"no_show","83"
1603,"abstain","1"
1603,"no","475"
1603,"yes","150"
1604,"abstain","1"
1604,"no","353"
1604,"no_show","85"
1604,"yes","270"
1605,"yes","48"
1605,"abstain","9"
1605,"no","18"
1605,"no_show","21"
1606,"no","31"
1606,"yes","44"
1606,"abstain","3"
1606,"no_show","18"
1607,"yes","71"
1607,"no","1"
1607,"no_show","22"
1607,"abstain","2"
1608,"no","67"
1608,"abstain","2"
1608,"no_show","18"
1608,"yes","9"
1609,"yes","63"
1609,"no","16"
1609,"no_show","5"
1609,"abstain","12"
1610,"no_show","9"
1610,"yes","37"
1610,"abstain","6"
1610,"no","44"
1611,"no_show","16"
1611,"no","3"
1611,"yes","62"
1611,"abstain","15"
1612,"no_show","21"
1612,"no","1"
1612,"abstain","1"
1612,"yes","73"
1613,"no","4"
1613,"abstain","1"
1613,"no_show","18"
1613,"yes","73"
1614,"no","2"
1614,"yes","83"
1614,"no_show","11"
1615,"yes","60"
1615,"no","9"
1615,"abstain","2"
1615,"no_show","25"
1616,"abstain","2"
1616,"no","35"
1616,"no_show","7"
1616,"yes","52"
1617,"abstain","2"
1617,"no_show","21"
1617,"yes","73"
1618,"yes","57"
1618,"abstain","2"
1618,"no","20"
1618,"no_show","17"
1619,"yes","10"
1619,"abstain","1"
1619,"no","47"
1619,"no_show","13"
1620,"no","87"
1620,"no_show","14"
1620,"yes","59"
1621,"yes","62"
1621,"no_show","16"
1621,"no","121"
1622,"no_show","10"
1622,"no","1"
1622,"yes","115"
1622,"abstain","17"
1623,"yes","49"
1623,"no_show","17"
1623,"no","9"
1623,"abstain","21"
1624,"no_show","8"
1624,"no","113"
1624,"yes","78"
1625,"abstain","6"
1625,"no_show","4"
1625,"yes","71"
1625,"no","15"
1626,"abstain","4"
1626,"no","43"
1626,"yes","42"
1626,"no_show","7"
1627,"no_show","58"
1627,"yes","509"
1627,"no","138"
1627,"abstain","4"
1628,"yes","88"
1628,"no","3"
1628,"abstain","1"
1628,"no_show","4"
1629,"yes","34"
1629,"no_show","12"
1629,"no","45"
1630,"no_show","4"
1630,"yes","106"
1631,"no","6"
1631,"abstain","1"
1631,"yes","75"
1631,"no_show","14"
1632,"yes","87"
1632,"no","60"
1632,"no_show","13"
1633,"yes","105"
1633,"no_show","4"
1634,"no_show","19"
1634,"yes","44"
1634,"abstain","28"
1635,"no","3"
1635,"no_show","13"
1635,"yes","76"
1635,"abstain","4"
1636,"yes","574"
1636,"no_show","61"
1636,"no","74"
1637,"yes","65"
1637,"no_show","57"
1637,"abstain","64"
1637,"no","523"
1638,"yes","370"
1638,"no","277"
1638,"abstain","4"
1638,"no_show","58"
1639,"no","458"
1639,"abstain","5"
1639,"no_show","61"
1639,"yes","185"
1640,"yes","184"
1640,"abstain","6"
1640,"no_show","59"
1640,"no","460"
1641,"yes","149"
1641,"abstain","2"
1641,"no_show","68"
1641,"no","490"
1642,"no","40"
1642,"yes","37"
1642,"no_show","6"
1643,"yes","13"
1643,"no","174"
1643,"no_show","12"
1644,"no","3"
1644,"yes","82"
1644,"abstain","2"
1644,"no_show","9"
1645,"no_show","11"
1645,"yes","83"
1645,"abstain","2"
1646,"no_show","29"
1646,"no","2"
1646,"yes","65"
1647,"abstain","3"
1647,"no_show","15"
1647,"no","39"
1647,"yes","39"
1648,"no","7"
1648,"abstain","5"
1648,"no_show","8"
1648,"yes","76"
1649,"no_show","7"
1649,"yes","81"
1649,"abstain","8"
1650,"yes","80"
1650,"no_show","13"
1650,"no","2"
1650,"abstain","1"
1651,"no","96"
1651,"yes","13"
1651,"no_show","17"
1652,"no","14"
1652,"abstain","9"
1652,"no_show","15"
1652,"yes","58"
1653,"no_show","20"
1653,"yes","53"
1653,"abstain","19"
1653,"no","4"
1654,"abstain","72"
1654,"no","118"
1654,"yes","458"
1654,"no_show","61"
1655,"yes","83"
1655,"no_show","62"
1655,"abstain","3"
1655,"no","561"
1656,"abstain","63"
1656,"yes","155"
1656,"no","408"
1656,"no_show","83"
1657,"no","345"
1657,"abstain","68"
1657,"no_show","126"
1657,"yes","170"
1658,"yes","170"
1658,"abstain","64"
1658,"no_show","128"
1658,"no","347"
1659,"abstain","240"
1659,"yes","345"
1659,"no_show","124"
1660,"no_show","41"
1660,"no","202"
1660,"yes","438"
1660,"abstain","28"
1661,"abstain","1"
1661,"yes","446"
1661,"no_show","44"
1661,"no","218"
1662,"yes","582"
1662,"no_show","45"
1662,"no","82"
1663,"no","79"
1663,"abstain","1"
1663,"no_show","51"
1663,"yes","578"
1664,"abstain","1"
1664,"no_show","27"
1664,"yes","35"
1664,"no","33"
1665,"yes","639"
1665,"no_show","67"
1665,"abstain","3"
1666,"no","49"
1666,"no_show","6"
1666,"abstain","3"
1666,"yes","38"
1667,"abstain","25"
1667,"yes","509"
1667,"no","111"
1667,"no_show","64"
1669,"abstain","63"
1669,"no","496"
1669,"no_show","75"
1669,"yes","75"
1670,"no","11"
1670,"yes","71"
1670,"abstain","3"
1670,"no_show","11"
1671,"no_show","114"
1671,"yes","454"
1671,"abstain","2"
1671,"no","139"
1672,"abstain","1"
1672,"no_show","15"
1672,"yes","32"
1672,"no","48"
1673,"abstain","15"
1673,"no_show","4"
1673,"no","73"
1673,"yes","4"
1674,"no_show","5"
1674,"yes","81"
1674,"no","1"
1674,"abstain","9"
1675,"no","44"
1675,"no_show","15"
1675,"abstain","1"
1675,"yes","36"
1677,"yes","489"
1677,"no_show","65"
1677,"no","153"
1677,"abstain","2"
1678,"abstain","35"
1678,"no","82"
1678,"yes","527"
1678,"no_show","65"
1679,"abstain","2"
1679,"no_show","69"
1679,"yes","485"
1679,"no","153"
1680,"yes","120"
1680,"abstain","1"
1680,"no_show","96"
1680,"no","492"
1681,"yes","358"
1681,"no_show","90"
1681,"no","2"
1681,"abstain","259"
1682,"yes","74"
1682,"no_show","9"
1682,"abstain","9"
1682,"no","34"
1683,"no","431"
1683,"no_show","214"
1683,"yes","62"
1683,"abstain","2"
1684,"yes","449"
1684,"no","62"
1684,"abstain","140"
1684,"no_show","58"
1685,"yes","371"
1685,"no_show","68"
1685,"no","159"
1685,"abstain","111"
1686,"no_show","83"
1686,"yes","369"
1686,"no","257"
1687,"abstain","3"
1687,"no_show","78"
1687,"yes","64"
1687,"no","564"
1688,"abstain","6"
1688,"no_show","64"
1688,"no","146"
1688,"yes","493"
1689,"abstain","3"
1689,"no","94"
1689,"no_show","40"
1689,"yes","336"
1690,"no","479"
1690,"yes","62"
1690,"abstain","60"
1690,"no_show","108"
1691,"no","78"
1691,"no_show","17"
1691,"yes","110"
1692,"no","463"
1692,"yes","138"
1692,"no_show","108"
1693,"no_show","11"
1693,"no","37"
1693,"yes","43"
1695,"no","20"
1695,"yes","65"
1695,"no_show","9"
1695,"abstain","2"
1696,"yes","68"
1696,"abstain","3"
1696,"no_show","18"
1696,"no","7"
1697,"yes","73"
1697,"abstain","10"
1697,"no_show","8"
1697,"no","5"
1699,"no","25"
1699,"abstain","5"
1699,"yes","167"
1699,"no_show","8"
1700,"yes","107"
1700,"no_show","18"
1700,"no","69"
1700,"abstain","11"
1701,"no_show","10"
1701,"no","1"
1701,"yes","85"
1702,"yes","70"
1702,"no_show","19"
1702,"no","1"
1702,"abstain","6"
1703,"no_show","23"
1703,"yes","48"
1703,"abstain","4"
1703,"no","21"
1704,"no","7"
1704,"abstain","1"
1704,"no_show","18"
1704,"yes","70"
1705,"no_show","12"
1705,"yes","64"
1705,"no","20"
1708,"yes","10"
1708,"no","39"
1708,"no_show","2"
1709,"yes","53"
1709,"no","37"
1709,"abstain","1"
1709,"no_show","5"
1710,"abstain","2"
1710,"no_show","3"
1710,"yes","91"
1712,"no","12"
1712,"yes","78"
1712,"no_show","6"
1713,"no","576"
1713,"no_show","59"
1713,"yes","74"
1715,"no","122"
1715,"abstain","2"
1715,"yes","479"
1715,"no_show","106"
1716,"yes","465"
1716,"no","122"
1716,"abstain","16"
1716,"no_show","106"
1717,"abstain","16"
1717,"no","188"
1717,"no_show","110"
1717,"yes","395"
1718,"no_show","34"
1718,"no","50"
1718,"yes","121"
1719,"no_show","12"
1719,"no","27"
1719,"yes","121"
1720,"no","22"
1720,"yes","56"
1720,"abstain","6"
1720,"no_show","12"
1721,"yes","41"
1721,"no_show","17"
1721,"no","33"
1722,"no","21"
1722,"abstain","3"
1722,"yes","61"
1722,"no_show","11"
1723,"no","36"
1723,"yes","44"
1723,"no_show","11"
1724,"no_show","77"
1724,"abstain","7"
1724,"no","498"
1724,"yes","126"
1725,"no_show","81"
1725,"no","503"
1725,"yes","124"
1726,"no_show","64"
1726,"yes","495"
1726,"abstain","10"
1726,"no","139"
1727,"abstain","3"
1727,"yes","343"
1727,"no_show","87"
1727,"no","275"
1728,"yes","139"
1728,"abstain","2"
1728,"no_show","116"
1728,"no","451"
1729,"abstain","2"
1729,"no_show","13"
1729,"no","37"
1729,"yes","44"
1730,"yes","61"
1730,"abstain","4"
1730,"no","11"
1730,"no_show","20"
1734,"no","358"
1734,"no_show","82"
1734,"yes","269"
1735,"no_show","79"
1735,"no","211"
1735,"yes","358"
1735,"abstain","61"
1736,"no","278"
1736,"abstain","3"
1736,"no_show","59"
1736,"yes","369"
1737,"abstain","1"
1737,"no_show","61"
1737,"no","492"
1737,"yes","155"
1738,"abstain","105"
1738,"yes","459"
1738,"no_show","56"
1738,"no","89"
1739,"yes","356"
1739,"abstain","55"
1739,"no_show","97"
1739,"no","200"
1740,"no_show","31"
1740,"yes","67"
1740,"no","107"
1741,"no_show","35"
1741,"abstain","3"
1741,"yes","120"
1741,"no","47"
1742,"no_show","8"
1742,"yes","68"
1742,"abstain","10"
1742,"no","51"
1743,"no","283"
1743,"abstain","1"
1743,"no_show","52"
1743,"yes","372"
1744,"abstain","24"
1744,"no_show","2"
1744,"no","20"
1744,"yes","50"
1745,"no","270"
1745,"no_show","67"
1745,"yes","371"
1746,"no_show","4"
1746,"no","15"
1746,"yes","77"
1747,"yes","44"
1747,"no","48"
1747,"no_show","4"
1748,"abstain","8"
1748,"no_show","9"
1748,"no","30"
1748,"yes","49"
1749,"yes","76"
1749,"no","12"
1749,"abstain","1"
1749,"no_show","7"
1750,"yes","67"
1750,"no","61"
1750,"no_show","9"
1751,"no_show","30"
1751,"yes","52"
1751,"no","123"
1752,"abstain","1"
1752,"yes","426"
1752,"no_show","61"
1752,"no","221"
1753,"yes","140"
1753,"abstain","3"
1753,"no_show","61"
1753,"no","505"
1754,"no_show","73"
1754,"yes","361"
1754,"no","275"
1755,"abstain","4"
1755,"no_show","8"
1755,"yes","75"
1755,"no","9"
1756,"no_show","6"
1756,"no","10"
1756,"abstain","6"
1756,"yes","74"
1757,"yes","85"
1757,"abstain","1"
1757,"no_show","8"
1757,"no","2"
1758,"no_show","35"
1758,"yes","292"
1758,"abstain","3"
1758,"no","379"
1759,"yes","82"
1759,"abstain","11"
1759,"no_show","3"
1760,"yes","55"
1760,"no","12"
1760,"abstain","26"
1760,"no_show","3"
1761,"no_show","40"
1761,"yes","432"
1761,"no","200"
1761,"abstain","37"
1762,"abstain","79"
1762,"yes","123"
1762,"no","417"
1762,"no_show","90"
1763,"no_show","2"
1763,"no","102"
1763,"yes","98"
1764,"abstain","2"
1764,"no","96"
1764,"no_show","1"
1764,"yes","100"
1765,"abstain","11"
1765,"no","10"
1765,"yes","63"
1765,"no_show","12"
1766,"abstain","3"
1766,"no","1"
1766,"yes","87"
1766,"no_show","5"
1767,"abstain","3"
1767,"yes","75"
1767,"no","11"
1767,"no_show","7"
1768,"no","64"
1768,"no_show","10"
1768,"abstain","1"
1768,"yes","85"
1769,"abstain","127"
1769,"no","157"
1769,"no_show","72"
1769,"yes","352"
1770,"no_show","10"
1770,"yes","84"
1770,"no","1"
1770,"abstain","1"
1771,"no_show","32"
1771,"no","45"
1771,"abstain","30"
1771,"yes","98"
1772,"yes","71"
1772,"no_show","10"
1772,"no","10"
1772,"abstain","5"
1773,"no","36"
1773,"yes","49"
1773,"no_show","5"
1773,"abstain","6"
1774,"abstain","4"
1774,"yes","46"
1774,"no_show","10"
1774,"no","36"
1775,"abstain","7"
1775,"no","28"
1775,"no_show","6"
1775,"yes","55"
1776,"yes","80"
1776,"no","11"
1776,"no_show","4"
1776,"abstain","1"
1777,"abstain","12"
1777,"yes","79"
1777,"no_show","4"
1777,"no","1"
1778,"yes","111"
1778,"no","70"
1778,"no_show","24"
1779,"abstain","17"
1779,"no_show","29"
1779,"no","95"
1779,"yes","64"
1780,"abstain","3"
1780,"yes","77"
1780,"no","12"
1780,"no_show","4"
1782,"yes","74"
1782,"abstain","3"
1782,"no_show","8"
1782,"no","11"
1784,"abstain","11"
1784,"yes","78"
1784,"no_show","7"
1785,"no","27"
1785,"abstain","15"
1785,"yes","38"
1785,"no_show","16"
1786,"yes","71"
1786,"abstain","4"
1786,"no","11"
1786,"no_show","10"
1787,"yes","68"
1787,"abstain","5"
1787,"no_show","13"
1787,"no","10"
1788,"abstain","1"
1788,"no_show","3"
1788,"no","10"
1788,"yes","82"
1789,"abstain","6"
1789,"no_show","4"
1789,"yes","86"
1790,"yes","61"
1790,"abstain","13"
1790,"no_show","15"
1790,"no","7"
3558,"no_show","93"
3558,"no","494"
3558,"yes","117"
3558,"abstain","5"
3568,"yes","358"
3568,"no_show","176"
3568,"no","173"
3568,"abstain","2"
3571,"no_show","173"
3571,"yes","356"
3571,"abstain","21"
3571,"no","159"
3572,"abstain","55"
3572,"yes","469"
3572,"no_show","182"
3572,"no","3"
3575,"yes","93"
3575,"no_show","3"
3589,"no","15"
3589,"yes","54"
3589,"no_show","2"
3589,"abstain","25"
3591,"yes","48"
3591,"abstain","29"
3591,"no_show","11"
3592,"no","102"
3592,"yes","22"
3592,"abstain","9"
3592,"no_show","4"
3593,"abstain","18"
3593,"yes","67"
3593,"no_show","5"
3599,"yes","408"
3599,"abstain","55"
3599,"no_show","117"
3599,"no","128"
3602,"no_show","63"
3602,"abstain","63"
3602,"no","214"
3602,"yes","369"
3629,"yes","128"
3629,"no_show","60"
3629,"no","451"
3629,"abstain","70"
3631,"no","87"
3631,"no_show","64"
3631,"abstain","131"
3631,"yes","427"
3638,"no_show","6"
3638,"abstain","7"
3638,"no","18"
3638,"yes","65"
3667,"no_show","53"
3667,"yes","535"
3667,"no","82"
3667,"abstain","39"
3668,"no_show","73"
3668,"yes","485"
3668,"no","144"
3668,"abstain","7"
3669,"abstain","58"
3669,"no_show","65"
3669,"no","149"
3669,"yes","437"
3677,"yes","64"
3677,"no_show","55"
3677,"no","4"
3710,"abstain","4"
3710,"no_show","41"
3710,"yes","515"
3710,"no","149"
3714,"abstain","59"
3714,"no_show","66"
3714,"yes","428"
3714,"no","156"
3724,"no_show","17"
3724,"no","57"
3724,"yes","86"
3729,"no_show","5"
3729,"abstain","10"
3729,"yes","81"
3747,"abstain","1"
3747,"no","1"
3747,"yes","123"
3747,"no_show","18"
3749,"no_show","29"
3749,"no","173"
3749,"abstain","119"
3749,"yes","388"
3760,"no_show","50"
3760,"yes","120"
3760,"no","539"
3769,"no_show","74"
3769,"no","367"
3769,"yes","261"
3769,"abstain","7"
3775,"no_show","7"
3775,"yes","76"
3775,"no","1"
3776,"no_show","11"
3776,"yes","68"
3776,"no","58"
3914,"no","67"
3914,"yes","571"
3914,"no_show","71"
3936,"no_show","113"
3936,"yes","59"
3936,"no","476"
3936,"abstain","61"
3937,"no","24"
3937,"abstain","23"
3937,"no_show","1"
3937,"yes","48"
3942,"no_show","58"
3942,"yes","362"
3942,"no","281"
3942,"abstain","8"
3947,"no_show","157"
3947,"yes","168"
3947,"no","316"
3947,"abstain","68"
3948,"no","209"
3948,"abstain","6"
3948,"yes","430"
3948,"no_show","63"
3950,"abstain","8"
3950,"yes","413"
3950,"no_show","52"
3950,"no","235"
3957,"yes","81"
3957,"no","560"
3957,"no_show","68"
3959,"abstain","3"
3959,"no_show","64"
3959,"no","72"
3959,"yes","570"
3965,"yes","361"
3965,"no_show","90"
3965,"no","258"
3972,"yes","357"
3972,"abstain","1"
3972,"no","260"
3972,"no_show","91"
3973,"no","152"
3973,"no_show","79"
3973,"abstain","5"
3973,"yes","473"
3979,"no_show","2"
3979,"yes","77"
3979,"no","16"
3979,"abstain","1"
3986,"no","13"
3986,"abstain","15"
3986,"no_show","3"
3986,"yes","65"
4018,"yes","77"
4018,"no","545"
4018,"abstain","8"
4018,"no_show","80"
4027,"abstain","2"
4027,"yes","437"
4027,"no_show","72"
4027,"no","198"
4034,"no_show","69"
4034,"abstain","2"
4034,"no","67"
4034,"yes","571"
4037,"yes","14"
4037,"abstain","41"
4037,"no_show","10"
4037,"no","22"
4082,"yes","482"
4082,"no_show","63"
4082,"no","95"
4082,"abstain","72"
4083,"no_show","70"
4083,"yes","78"
4083,"no","441"
4083,"abstain","121"
4085,"no_show","79"
4085,"abstain","21"
4085,"no","176"
4085,"yes","432"
4088,"no","382"
4088,"yes","118"
4088,"abstain","67"
4088,"no_show","141"
4093,"no_show","78"
4093,"no","82"
4093,"abstain","2"
4093,"yes","547"
4096,"yes","494"
4096,"no_show","92"
4096,"abstain","42"
4096,"no","81"
4097,"yes","419"
4097,"abstain","48"
4097,"no","142"
4097,"no_show","100"
4098,"no_show","56"
4098,"abstain","64"
4098,"yes","342"
4098,"no","252"
4099,"no","78"
4099,"no_show","79"
4099,"abstain","184"
4099,"yes","370"
4108,"no_show","2"
4108,"yes","94"
4110,"yes","95"
4110,"abstain","1"
4111,"no","12"
4111,"no_show","2"
4111,"yes","82"
4115,"no","54"
4115,"no_show","22"
4115,"yes","12"
4115,"abstain","1"
4119,"abstain","3"
4119,"no_show","86"
4119,"yes","179"
4119,"no","449"
4122,"abstain","1"
4122,"no_show","61"
4122,"no","564"
4122,"yes","84"
4123,"yes","118"
4123,"abstain","1"
4123,"no","498"
4123,"no_show","93"
4124,"no","81"
4124,"no_show","76"
4124,"abstain","70"
4124,"yes","482"
4126,"no","431"
4126,"abstain","66"
4126,"no_show","98"
4126,"yes","114"
4128,"no_show","20"
4128,"no","168"
4128,"yes","11"
4140,"no_show","62"
4140,"abstain","3"
4140,"no","149"
4140,"yes","502"
4142,"no","148"
4142,"yes","433"
4142,"abstain","56"
4142,"no_show","72"
4146,"yes","118"
4146,"no","454"
4146,"abstain","78"
4146,"no_show","59"
4156,"no_show","25"
4156,"no","46"
4156,"yes","16"
4157,"no_show","10"
4157,"yes","9"
4157,"no","118"
4160,"yes","18"
4160,"abstain","17"
4160,"no","53"
4161,"no_show","25"
4161,"no","48"
4161,"yes","16"
4166,"no","61"
4166,"no_show","14"
4166,"yes","13"
4168,"no_show","102"
4168,"no","54"
4168,"abstain","11"
4168,"yes","38"
4174,"no_show","92"
4174,"no","74"
4174,"yes","21"
4174,"abstain","18"
4193,"no_show","95"
4193,"yes","150"
4193,"abstain","2"
4193,"no","462"
4196,"no","30"
4196,"no_show","6"
4196,"abstain","30"
4196,"yes","21"
4197,"no","280"
4197,"abstain","4"
4197,"yes","355"
4197,"no_show","70"
4198,"no","186"
4198,"no_show","89"
4198,"abstain","3"
4198,"yes","431"
4199,"abstain","59"
4199,"no","159"
4199,"no_show","79"
4199,"yes","412"
4201,"abstain","6"
4201,"no_show","110"
4201,"yes","375"
4201,"no","218"
4209,"no","290"
4209,"no_show","58"
4209,"abstain","10"
4209,"yes","351"
4212,"no_show","112"
4212,"yes","467"
4212,"abstain","4"
4212,"no","126"
4213,"no_show","74"
4213,"yes","355"
4213,"abstain","4"
4213,"no","276"
4214,"abstain","3"
4214,"no_show","111"
4214,"no","127"
4214,"yes","468"
4215,"abstain","3"
4215,"no_show","101"
4215,"yes","74"
4215,"no","531"
4217,"no_show","89"
4217,"abstain","2"
4217,"no","210"
4217,"yes","408"
4276,"yes","74"
4276,"no","111"
4276,"no_show","17"
4277,"no","38"
4277,"no_show","4"
4277,"yes","10"
4279,"abstain","1"
4279,"no","109"
4279,"yes","35"
4279,"no_show","9"
4280,"no_show","99"
4280,"yes","11"
4280,"no","95"
4283,"yes","538"
4283,"no_show","73"
4283,"no","9"
4283,"abstain","89"
4284,"no_show","127"
4284,"yes","325"
4284,"abstain","5"
4284,"no","252"
4293,"no","280"
4293,"no_show","84"
4293,"yes","344"
4293,"abstain","1"
4295,"yes","30"
4295,"no","72"
4295,"no_show","17"
4296,"yes","18"
4296,"no","119"
4296,"no_show","3"
4297,"no_show","58"
4297,"yes","6"
4297,"no","59"
4300,"yes","48"
4300,"no","18"
4300,"no_show","21"
4305,"abstain","28"
4305,"no","11"
4305,"yes","50"
4305,"no_show","7"
4310,"no","7"
4310,"yes","89"
4310,"no_show","4"
4310,"abstain","1"
4360,"yes","74"
4360,"no_show","8"
4360,"abstain","2"
4361,"no_show","6"
4361,"no","108"
4361,"yes","23"
4362,"no_show","15"
4362,"no","88"
4362,"yes","55"
4362,"abstain","2"
4363,"yes","29"
4363,"no_show","16"
4363,"no","73"
